round,item_id,task_type,ref_answer,ann2_answer,agree
1,CON_001,CON,Yes,yes,1
1,CON_002,CON,No,no,1
1,CON_005,CON,No,yes,0
1,CON_006,CON,No,no,1
1,CON_007,CON,No,yes,0
1,CON_008,CON,Yes,yes,1
1,CON_009,CON,No,no,1
1,CON_010,CON,No,no,1
1,CON_012,CON,No,no,1
1,CON_031,CON,No,no,1
1,CON_032,CON,No,yes,0
1,CON_033,CON,No,no,1
1,CON_034,CON,No,no,1
1,CON_036,CON,Yes,yes,1
1,CON_040,CON,Yes,yes,1
1,CON_041,CON,No,no,1
1,CON_045,CON,No,no,1
1,NUM_001,NUM,Nine crore rupees (three crore rupees per year × three years),nine crore rupees,1
1,NUM_002,NUM,180 crore rupees (60% of 900 = 540 crore for anchor investors; one-third of 540 = 180 crore for dome,180 crore,1
1,NUM_003,NUM,100 crore rupees (5 crore net worth × 20 = 100 crore),100 crore,1
1,NUM_004,NUM,"0.50 crore rupees (2.5% of 20 crore = 0.50 crore, which is lower than 5 crore)",0.5 crore,1
1,NUM_005,NUM,7.5 crore rupees (20% of 500 = 100 crore borrowed; 15% per annum for 6 months = 7.5% of 100 = 7.5 cr,7.5 crore,1
1,NUM_006,NUM,"Two independent directors (two-thirds of minimum 3 members = 2, since two-thirds of 3 = 2)",2,0
1,NUM_007,NUM,180 calendar days (60 days initial window + 120 days additional delayed period = 180 days total),180 calendar days,1
1,NUM_008,NUM,Rs. 50 per share (Rs. 300 highest price minus Rs. 250 offer price = Rs. 50 difference),50,1
1,NUM_009,NUM,1 October 2025 (warrant tenure ends 18 months from allotment = 1 July 2025; exercise option within 3,1-Oct-25,0
1,NUM_010,NUM,By 29 July of the same year (1 April + 120 days = 29 July),29-Jul,1
1,NUM_068,NUM,"₹5,500 crore. Calculation: Bank falls in Bucket B4 (above 11.5% and up to 13.5%), which allows 40% o",5500 crore,1
1,NUM_069,NUM,"₹5,500 crore. This is the lower of 75% of PAT (₹12,750 crore) and the Table 1 limit (₹5,500 crore).",5500 crore,1
1,NUM_070,NUM,"32.35%. Calculation: (₹5,500 ÷ ₹17,000) × 100 = 32.35%.",32.35%,1
1,NUM_071,NUM,"₹625 crore. Calculation: Maximum Eligible Dividend (₹1,125 crore) minus interim dividend already pai",625 crore,1
1,NUM_073,NUM,"Maximum per Table 1: ₹19,000 crore (50% × ₹38,000). 75% of PAT: ₹30,375 crore (75% × ₹40,500). The M",19000 crore; 30375 crore,0
1,NUM_086,NUM,Maximum buy-back amount: ₹125 crore (25% × ₹500 crore). Maximum debt after buy-back: ₹750 crore assu,maximum buy-back 125 crore; maximum total debt 750 crore,0
1,REG_004,REG,One-third,one-third,1
1,REG_005,REG,Three years from the date of allotment in the initial public offer,three years,1
1,REG_008,REG,More than five per cent of the voting rights,5 per cent,1
1,REG_009,REG,Twenty five lakh rupees,twenty five lakh rupees,1
1,REG_010,REG,"Not less than five percent of the corpus or ten crore rupees, whichever is lower","not less than five percent of the corpus or ten crore rupees, whichever is lower",1
1,REG_012,REG,Rupees one thousand crore or ten per cent of the annual consolidated turnover of the listed entity a,whichever is lower,1
1,REG_015,REG,"One hundred and twenty calendar days from the expiry of the sixty-day period, or after the first hea",one hundred and twenty calendar days,1
1,REG_016,REG,At least fifty percent,fifty percent,1
1,REG_022,REG,A minimum period of eight years,eight years,1
1,REG_023,REG,Five per cent of the paid-up equity share capital,five per cent,1
1,REG_024,REG,More than ten per cent of the paid-up share capital,ten per cent,1
1,TMP_001,TMP,"The definition aligning with Companies Act 2013 sub-section (51) of section 2, effective from 31.01.",the one aligning with Companies Act 2013 sub-section (51) of section 2,1
1,TMP_003,TMP,Sub-regulation (4) of regulation 23 and regulation 31A,sub-regulation (4) of regulation 23 and regulation 31A,1
1,TMP_004,TMP,"No — the definition of 'Delisting Regulations' was only inserted by the Third Amendment Regulations,",no,1
1,TMP_006,TMP,"The SEBI (ICDR) (Amendment) Regulations, 2025, effective from 08.03.2025","SEBI (ICDR) (Amendment) Regulations, 2025 w.e.f. 08.03.2025",1
1,TMP_007,TMP,"The SEBI (Issue and Listing of Debt Securities) Regulations, 2008","SEBI (Issue and Listing of Debt Securities) Regulations, 2008",1
1,TMP_008,TMP,"Five years from the commencement of the SEBI (AIF) Regulations, 2012",five years,1
1,TMP_009,TMP,With the Board (SEBI),with the Board,1
1,TMP_010,TMP,"Regulation 2(ee) of the SEBI (Issue of Capital and Disclosure Requirements) Regulations, 2018","regulation 2(ee) of the SEBI (Issue of Capital and Disclosure Requirements) Regulations, 2018",1
1,TMP_011,TMP,Is made,is made,1
1,TMP_014,TMP,Sponsor(s),sponsor(s),1
1,TMP_016,TMP,"2018, effective from 16 November 2018",2018,1
1,TMP_017,TMP,"25 July 2022, following the Third Amendment Regulations, 2022",25.07.2022,0
1,TMP_029,TMP,"CO.FMRD.MIOD.No.8/11.01.057/2025-26 dated February 18, 2026, which is the most recent of the five su","CO.FMRD.MIOD.No.8/11.01.057/2025-26 dated February 18, 2026",1
1,TMP_039,TMP,"No. The UTI requirements (Section B) come into effect from January 01, 2027, and apply only to trans",no,0
1,TMP_040,TMP,The intermediary must apply at least three months before the earlier of: (a) expiry of the certifica,9 months from commencement,1
1,TMP_045,TMP,"The constraint applies cumulatively across both payments. The Maximum Eligible Dividend (₹1,125 cror",cumulatively across both payments,1
2,REG_112,REG,"Any exceptional and/or extra-ordinary profits/income; and any overstatement of PAT identified in a modified audit opinion, to the extent included in PAT","Two categories of profit are excluded. First, any exceptional and/or extra-ordinary profits or income cannot be used for dividend payment. Second, if the statutory auditor's report contains a modified opinion indicating an overstatement of Profit After Tax (PAT), that overstated portion is also excluded from dividend eligibility.",1
2,REG_194,REG,"The acquirer must pay the difference between the highest acquisition price and the open offer price to all shareholders whose shares were accepted in the open offer, within 60 days from the date of such acquisition. The obligation does not apply to acquisitions under another open offer, the Delisting Regulations, or ordinary open market purchases not involving negotiated transactions.","If the acquirer or persons acting in concert purchase shares of the target company within 26 weeks after the tendering period at a price higher than the open offer price, they are obligated to pay the difference between that higher acquisition price and the original offer price to all shareholders whose shares were accepted in the open offer. This payment must be made within 60 days from the date of such acquisition.",1
2,REG_020,REG,At least twenty-one days,The issuer must provide at least 21 days' notice to all eligible holders of non-convertible securities and the debenture trustee before the date from which the buy-back right becomes exercisable.,0
2,TMP_071,TMP,"The SEBI (Alternative Investment Funds) (Third Amendment) Regulations, 2025 (w.e.f. 19-11-2025) amended Regulation 10(f) to exclude accredited investors from the computation of the 1,000-investor cap. Prior to this amendment, all investors (including accredited investors) were counted toward the 1,000-investor limit. After the 2025 amendment, accredited investors are not counted — only non-accredited investors are subject to the 1,000-investor ceiling. This effectively allows AIF schemes to have more than 1,000 total investors provided the excess consists of accredited investors.","Before the amendment, all investors — including accredited investors — were counted toward the 1,000-investor cap for an AIF scheme. The SEBI (AIF) (Third Amendment) Regulations, 2025, effective 19 November 2025, changed this so that accredited investors are now excluded when computing the number of investors, effectively allowing more flexibility in scheme composition.",0
2,CON_061,CON,No,"Not entirely. Both versions agree on the basic parameters — borrowing limited to 30 days, not more than 4 occasions a year, and not exceeding 10% of investable funds. However, the post-2024 version is slightly broader in scope: it explicitly covers borrowing for both 'day-to-day operational requirements' in addition to 'temporary funding requirements,' which was not mentioned in the pre-2024 version. So the permitted purpose of borrowing was expanded, even though the quantitative limits remain the same.",1
2,REG_083,REG,A person whose only business activity is research analysis or preparation and/or publication of research report.,An 'independent research analyst' is a person whose sole business activity is research analysis or the preparation and/or publication of research reports. They must not be engaged in any other business activity.,1
2,NUM_115,NUM,"The continuing interest requirement is the lower of: (a) 2.5% of corpus = 2.5% × Rs 300 crore = Rs 7.5 crore, or (b) Rs 5 crore. Since Rs 5 crore < Rs 7.5 crore, the minimum continuing interest is Rs 5 crore. The Manager/Sponsor must maintain at least Rs 5 crore of investment in the fund.","The continuing interest must be the lower of 2.5% of the corpus or Rs 5 crore. For a corpus of Rs 300 crore, 2.5% works out to Rs 7.5 crore. Since Rs 5 crore is lower than Rs 7.5 crore, the minimum continuing interest the Manager or Sponsor must maintain is Rs 5 crore.",1
2,NUM_100,NUM,Rs100 crore (20% of Rs500 crore net assets); maximum duration of six months,"The mutual fund may borrow a maximum of 20% of the net assets of the scheme, which comes to Rs 100 crore (20% of Rs 500 crore). The borrowing duration cannot exceed 6 months.",1
2,REG_003,REG,At least twenty per cent.,"Promoters must hold at least 20% of the post-issue capital. If their shareholding falls below this, certain specified entities — such as AIFs, foreign venture capital investors, scheduled commercial banks, public financial institutions, IRDAI-registered insurance companies, or any non-individual public shareholder holding at least 5% of the post-issue capital — may contribute to meet the shortfall, but each such entity's contribution is capped at 10% of the post-issue capital.",0
2,NUM_091,NUM,"AMC net worth not less than rupees one hundred fifty crore; locked-in for five years; total combined experience of CEO, COO, CRO, CCO and CIO of at least thirty years","If a sponsor fails to meet the eligibility requirements, three obligations apply: (1) The AMC must be adequately capitalized with a net worth of not less than Rs 150 crore; (2) The initial shareholding equivalent to the Rs 150 crore capital contribution must be locked in for a period of 5 years; and (3) The combined experience of the CEO, COO, CRO, CCO, and CIO must total at least 30 years.",1
2,REG_145,REG,"Under Regulation 21(1), an investment adviser must redress investor grievances promptly and not later than twenty-one calendar days from the date of receipt of the grievance.",An investment adviser must redress investor grievances within a maximum of 21 calendar days from the date the grievance is received.,1
2,NUM_079,NUM,"₹8,20,000 crore","The total amount of Government of India dated securities to be issued during the first half of FY 2026-27 (April to September 2026) is Rs 8,20,000 crore.",1
2,REG_164,REG,"Under Regulation 15(1)(e), an AIF requires the approval of 75% of investors by value of their investment before investing in: (a) its associates, or (b) units of AIFs managed or sponsored by its Manager, Sponsor, or their associates.","Before an AIF can invest in its associate companies or in units of other AIFs managed or sponsored by the same manager, sponsor, or their associates, approval from at least 75% of investors by value of their investment in the AIF is required.",1
2,REG_144,REG,"Under Regulation 19(3), an investment adviser must conduct a yearly compliance audit in respect of compliance with these regulations. The audit must be conducted by a member of the Institute of Chartered Accountants of India, Institute of Company Secretaries of India, or Institute of Cost Accountants of India. The adviser must also submit a report of the audit as specified by the Board.","An investment adviser is required to conduct a yearly compliance audit under SEBI IA Regulations, 2013. This audit must be conducted by a member of the Institute of Chartered Accountants of India (ICAI), the Institute of Company Secretaries of India (ICSI), or the Institute of Cost Accountants of India (ICoAI). The audit report must be submitted as specified by SEBI.",1
2,TMP_074,TMP,"Under the original Regulation 14(g), a client was required to obtain ratings from at least two different credit rating agencies for any debt securities issue of Rs 100 crore or more. This mandatory dual-rating requirement was removed by the SEBI (Credit Rating Agencies) (Second Amendment) Regulations, 2011, with effect from 27 December 2011. The 2011 amendment replaced this specific dual-rating obligation with a general requirement to obtain a rating 'in accordance with the relevant regulations.'","Under the original SEBI (CRA) Regulations, 1999, any debt issue of Rs 100 crore or more was required to obtain ratings from at least two different rating agencies — a mandatory dual-rating requirement. This requirement was removed and substituted by the SEBI (CRA) (Second Amendment) Regulations, 2011, effective 27 December 2011, which simply required the client to obtain a rating in accordance with the relevant regulations, without specifying a minimum of two agencies.",1
2,NUM_133,NUM,26% of 50 crore = 13 crore shares.,"Under Regulation 7(1), the open offer must be for at least 26% of the total shares of the target company. With 50 crore shares outstanding, the minimum number of shares for which the open offer must be made is 26% of 50 crore, which equals 13 crore shares.",1
2,CON_030,CON,No,"No, they do not come into force on the same date. Section A on the Legal Entity Identifier (LEI) comes into force with immediate effect upon issuance, while Section B on the Unique Transaction Identifier (UTI) comes into effect only from January 01, 2027.",1
2,CON_051,CON,No,"No, the two passages do not permit the same range of activities. Passage A (the older version) allows a broader set of additional activities, including portfolio management services, financial consultancy, exchange of research on commercial basis, and management of venture capital funds. Passage B (the revised version) narrows the permitted activities to management and advisory services for pooled assets such as offshore funds, insurance funds, pension funds, provident funds, and certain categories of foreign portfolio investors. Notably, portfolio management services, financial consultancy, and exchange of research on commercial basis are not mentioned in Passage B.",1
2,REG_054,REG,Fifteen months,The maximum permissible interval between two consecutive unit holders' meetings is 15 months.,0
2,TMP_015,TMP,"The SEBI (ICDR) Regulations, 2009 was enacted earlier",The SEBI (ICDR) Regulations 2009 were enacted earlier. The 2018 regulations superseded the 2009 regulations.,1
2,NUM_112,NUM,"Under Regulation 28A(1), a regulatory sandbox exemption may be granted for a period not exceeding twelve months. Regardless of extensions, the total exemption duration cannot exceed 12 months. Even though an initial 8-month exemption was granted, the maximum total duration permissible is 12 months. Any extension beyond the initial 8 months can be for at most 4 more months.","Under Regulation 28A(1), the maximum total duration of a regulatory sandbox exemption is 12 months. Since SEBI has already granted an initial exemption of 8 months, any extension cannot push the total beyond 12 months. Therefore, the maximum permissible extension would be 4 months, and the total sandbox period cannot exceed 12 months in any case.",1
2,CON_064,CON,No,"Not for all AIFs. For regular close-ended AIFs, both versions agree that the maximum tenure extension is 2 years, subject to approval of two-thirds of unit holders by value. However, the amended version (Passage B) introduces an additional provision: Accredited Investors only funds may extend their tenure by up to 5 years, again subject to the same two-thirds approval threshold. So the two versions are not identical — the amended version allows a longer maximum extension for a specific category of fund.",1
2,NUM_092,NUM,"5 per cent of aggregate purchases and sales, measured for a block of any three months",An AMC cannot route more than 5% of the aggregate purchases and sales of securities by the mutual fund across all its schemes through a broker associated with the sponsor. This limit is measured over a block of any three months.,1
2,CON_029,CON,No,"No, they do not. Bucket B1, applicable where the Tier 1 Capital Ratio at the end of the previous financial year is up to 7.5%, allows zero dividend as a percentage of Adjusted PAT — meaning no dividend can be paid. Bucket B10, applicable where the Tier 1 Capital Ratio is above 19.5%, allows up to 100% of Adjusted PAT to be paid as dividend. The permitted payout is entirely different.",1
2,TMP_076,TMP,"The SEBI (Credit Rating Agencies) (Amendment) Regulations, 2021 (w.e.f. 03-08-2021) substituted the definition of 'credit rating agency' under Regulation 2(h). The original definition restricted 'credit rating agencies' to entities rating securities 'offered by way of public or rights issue' — covering only primary market issuances. The 2021 amendment broadened the definition to cover rating of securities 'that are listed or proposed to be listed on a stock exchange recognized by the Board' — expanding the scope to include all listed securities and not just those offered via public or rights issues.","Before the amendment, the definition of 'credit rating agency' under Regulation 2(h) was limited to rating of securities offered by way of public or rights issue. The SEBI (CRA) (Amendment) Regulations, 2021, effective 3 August 2021, expanded this to cover rating of securities that are listed or proposed to be listed on a stock exchange recognized by SEBI. This is a broader scope — it is no longer restricted to public or rights issue offerings.",1
2,REG_106,REG,Three-fourths of the unitholders of any scheme,"Three-fourths (i.e., 75%) of the unitholders of a scheme may requisition the trustees to obtain unitholder consent.",1
2,NUM_087,NUM,At least rupees ten crore,"The sponsor must have an average net annual profit (after depreciation, interest, and tax) of at least Rs 10 crore over the immediately preceding five years to meet the 'sound track record' requirement.",0
2,REG_070,REG,One year from the date of rejection,An applicant whose application is rejected for containing false or misleading information is barred from making any fresh application for registration — whether under these regulations or any other SEBI regulations — for a period of one year from the date of such rejection.,1
2,NUM_111,NUM,"Under Regulation 21(1), the investment adviser must redress the grievance not later than 21 calendar days from the date of receipt. March 5, 2025 + 21 calendar days = March 26, 2025. The regulatory deadline for redressal is March 26, 2025.","The grievance was lodged on March 5, 2025. Adding 21 calendar days, the regulatory deadline for the investment adviser to redress it is March 26, 2025.",1
2,REG_167,REG,"Under Regulation 4, a credit rating agency must be promoted by one of the following: (a) a public financial institution; (b) a scheduled commercial bank in the RBI's second schedule; (c) a foreign bank operating in India with RBI approval; (d) a foreign CRA incorporated in a FATF member jurisdiction, recognised under their law, with at least five years' experience in rating securities; or (e) any company or body corporate with a continuous net worth of at least Rs 100 crore per audited accounts for the previous five years.","Under Regulation 4 of SEBI (CRA) Regulations, 1999, the eligible categories of promoters for a credit rating agency are: (a) a public financial institution; (b) a scheduled commercial bank listed in the second schedule to the RBI Act, 1934; (c) a foreign bank operating in India with RBI approval; (d) a foreign credit rating agency incorporated in a FATF member jurisdiction and recognized under their law, with at least five years' experience in rating securities; and (e) a company or body corporate with continuous net worth of at least Rs 100 crore as per audited annual accounts for the previous five years.",1
2,REG_170,REG,"Under Regulation 9(d), a credit rating agency must at all times maintain a minimum net worth of Rs twenty-five crore. Existing CRAs that were already registered and had a net worth below Rs twenty-five crore at the time of the 2018 amendment were given transitional relief — they must increase their net worth to the Rs 25 crore minimum within three years from the date of notification of the SEBI (CRA) (Amendment) Regulations, 2018.","A credit rating agency must maintain a minimum net worth of Rs 25 crore at all times. As a transitional measure, CRAs that were already registered with SEBI and had a net worth below Rs 25 crore were given a period of three years from the date of notification of the SEBI (CRA) (Amendment) Regulations, 2018 to increase their net worth to this level.",1
2,REG_064,REG,Not more than four,A maximum of four public issuances can be made under a single shelf offer document.,0
2,REG_135,REG,"Under Regulation 7(1), an individual investment adviser must, at all times, hold either: (a) a graduate degree (or equivalent) from a recognized university or CFA Charter from the CFA Institute, combined with relevant NISM certification or certification from an NISM-accredited organization; or (c) a Post Graduate Program in Securities Market (Investment Advisory) or a Post Graduate Program in Financial Planning from NISM, or any other NISM program as specified by the Board.","An individual investment adviser (or the principal officer of a non-individual IA, or persons associated with investment advice) must meet one of the following: (a) A graduate degree from a recognized university or institution (Indian or foreign), or a CFA Charter from the CFA Institute, along with relevant NISM certification or certification from an NISM-accredited body; or (c) A Post Graduate Program in Securities Market (Investment Advisory) or Financial Planning from NISM, or any other NISM program as specified by SEBI.",1
2,TMP_030,TMP,"Approximately 8 years and 10 months elapsed between June 1, 2017 and March 27, 2026.","The first LEI circular was issued on June 01, 2017, and it was superseded by the Master Direction on March 27, 2026. That is approximately 8 years and 9 months — or just under 9 years — between the two dates.",1
2,TMP_032,TMP,"The 2025 Directions (issued November 28, 2025) were in effect during FY 2025-26. The 2026 Directions come into effect only from FY 2026-27 (i.e., from April 1, 2026).","The 2025 Directions were in effect during FY 2025-26. The 2026 Directions explicitly state they come into effect from FY 2026-27, and the 2025 Directions are listed as repealed in Annex III of the 2026 Directions.",1
2,REG_172,REG,"Under Regulation 9(f), a CRA shall not carry out any activity other than the rating of securities that are listed or proposed to be listed on a stock exchange recognized by SEBI. Two exceptions apply: (1) the CRA may carry out any other activity as may be specified by the Board; and (2) the CRA may carry out rating of financial instruments under the purview of any other financial sector regulator or authority as specified by the Board.","A credit rating agency is restricted to rating securities that are listed or proposed to be listed on a SEBI-recognized stock exchange. It cannot engage in any other business activity. However, two exceptions exist: (1) SEBI may specifically permit other activities; and (2) CRAs may rate financial instruments that fall under the purview of other financial sector regulators or authorities, to the extent specified by SEBI.",1
2,TMP_043,TMP,Within five Mumbai business days from the date of the transaction.,"If the market participant is unable to obtain the UTI within the required reporting deadline for a cross-border transaction, they are allowed up to five Mumbai business days from the date of the transaction to obtain and submit the UTI to CCIL-TR.",1
2,TMP_048,TMP,27-9-2002,"Regulations 69 to 74 of the SEBI (Mutual Funds) Regulations, 1996 were omitted with effect from September 27, 2002.",0
2,NUM_076,NUM,"₹57,408 crore","The total aggregate face value of State Government securities offered across all State Governments in the revised auction announced on March 21, 2026 is Rs 57,408 crore.",0
2,REG_071,REG,"Sixty days. If SEBI fails to communicate within sixty days, prior approval shall be deemed to have been granted.","SEBI must dispose of a complete prior approval request within 60 days from the date of receipt. If SEBI fails to communicate its decision within this 60-day period, prior approval is deemed to have been granted automatically.",1
2,NUM_103,NUM,"No. The combined holding would reach 10.5%, exceeding the 10 per cent cap on ownership of any company's paid up capital carrying voting rights.","No, they may not acquire the additional 1%. The regulation states that no mutual fund under all its schemes should own more than 10% of any company's paid-up capital carrying voting rights. Currently holding 9.5%, acquiring a further 1% would take the total to 10.5%, which exceeds the 10% cap. Therefore, the acquisition is not permitted.",1
2,CON_052,CON,No,"No, they do not agree. Passage A permits mutual fund schemes to hold unlisted equity shares or equity-related instruments up to 5% of NAV for open-ended schemes and up to 10% for close-ended schemes. Passage B, on the other hand, completely prohibits any investment in unlisted equity by requiring all such investments to be in listed or to-be-listed securities. The two passages are directly contradictory on this point.",1
2,REG_128,REG,Send written communication to each unit holder and issue an advertisement in a nationwide English daily and a regional language newspaper; and provide unit holders an option to exit at the prevailing NAV without any exit load,"Before changing any fundamental attributes of a mutual fund scheme, the AMC must: (1) send a written communication about the proposed change to each unit holder and issue an advertisement in one English daily with nationwide circulation, as well as in a newspaper in the language of the region where the mutual fund's head office is located; and (2) give unit holders the option to exit at the prevailing Net Asset Value without any exit load.",1
2,NUM_130,NUM,"The requirement under Regulation 4(e) is a continuous net worth of at least Rs 100 crore per audited annual accounts for the previous five years. The five years preceding December 2025 would be FY 2020-21 through FY 2024-25. Net worth history: FY 2020-21: Rs 95 crore (fails — below Rs 100 crore), FY 2021-22: Rs 102 crore, FY 2022-23: Rs 110 crore, FY 2023-24: Rs 108 crore, FY 2024-25: Rs 115 crore. Since FY 2020-21 (Rs 95 crore) is below the Rs 100 crore threshold, the 'continuous' net worth requirement is not met. The body corporate does not meet the eligibility criterion under Regulation 4(e).","No, it does not meet the eligibility criterion. Regulation 4(e) requires a continuous net worth of at least Rs 100 crore for each of the five years preceding the application. The body corporate's net worth for 2020-21 was Rs 95 crore, which is below the Rs 100 crore threshold. Since the requirement is for continuous net worth across all five preceding years, failing even one year disqualifies the applicant.",1
2,NUM_126,NUM,"The promoter must maintain at least 26% shareholding for a minimum of three years from the date of grant of registration. Three years from April 1, 2023 = April 1, 2026. June 15, 2026 is after April 1, 2026, so the lock-in period of three years has expired by then. After April 1, 2026, the promoter is no longer bound by the 3-year lock-in. However, reducing to 20% would breach the minimum 26% threshold if this obligation is ongoing beyond the three-year period (which the regulation's wording 'for a minimum period of three years' suggests is a lock-in, not a permanent requirement). The regulation specifies a minimum period of three years; after that, the 26% floor from Regulation 9(e) no longer applies as a mandatory minimum. Therefore, the promoter can reduce its shareholding to 20% on June 15, 2026.","No, the promoter cannot legally reduce its shareholding to 20% on June 15, 2026. Under Regulation 9(e), the promoter must maintain a minimum shareholding of 26% for at least three years from the date of grant of registration. The CRA was registered on April 1, 2023, and the three-year lock-in period ends on April 1, 2026. While the lock-in has technically expired by June 15, 2026, reducing the shareholding to 20% would fall below the required 26% minimum. The regulation mandates a minimum of 26% during the lock-in period — it does not speak to what happens after, but a drop to 20% during a period where the minimum must be maintained would be a violation if done before the period ends. Since June 15, 2026 is after April 1, 2026, the lock-in has expired — so structurally the restriction no longer applies after that date. However, the regulation only mandates 26% for the minimum three-year period; after that, no floor is specified in this provision. So technically, after April 1, 2026, the promoter may reduce its holding, and June 15, 2026 is past that date. The answer is: yes, it is legally permissible, since the three-year minimum period has already concluded by June 15, 2026.",1
2,TMP_050,TMP,Replaced the enumeration of specific advertising media with a broader definition covering all forms of communication that may influence investment decisions of investors,"The original definition of 'advertisement' was a detailed, media-specific list — it enumerated particular forms like publications, television, sound broadcasting, notices, and films. The SEBI (Mutual Funds) Amendment Regulations, 2012, effective 21 February 2012, replaced this with a broad, principles-based definition covering all forms of communication issued by or on behalf of the AMC/mutual fund that may influence investment decisions of any investor or prospective investor. The key shift was from a closed enumeration of media to a comprehensive, intent-based definition.",1
2,REG_101,REG,"No. No asset management company and no director (including independent director), officer or employee of an asset management company shall be eligible to be appointed as a trustee of any mutual fund.","No. Under Regulation 16(3) of SEBI (Mutual Funds) Regulations, 1996, no asset management company, and no director (including independent director), officer, or employee of an AMC, is eligible to be appointed as a trustee of any mutual fund.",1
2,REG_185,REG,25% or more of the voting rights in the target company (when combined with shares held by the acquirer and persons acting in concert).,"Under Regulation 3(1), the mandatory open offer obligation is triggered when an acquirer's shareholding or voting rights — together with those of persons acting in concert — reaches or exceeds 25% of the voting rights in the target company.",1
2,TMP_073,TMP,"The minimum net worth requirement was raised by the SEBI (Credit Rating Agencies) (Amendment) Regulations, 2018, with effect from 30 May 2018. The original 1999 regulations set a minimum of Rs five crore. The 2018 amendment increased this to Rs twenty-five crore — a five-fold increase of Rs twenty crore.","The minimum net worth requirement was raised on 30 May 2018, when the SEBI (CRA) (Amendment) Regulations, 2018 came into effect. The requirement was increased from Rs 5 crore to Rs 25 crore — a fivefold increase.",1
2,NUM_106,NUM,Six per cent of funds raised; the clause was omitted w.e.f. 16-4-2008,"Under the original Seventh Schedule, the maximum initial issue expenses for a mutual fund scheme were capped at 6% of the funds raised under that scheme. This provision was omitted by the SEBI (Mutual Funds) (Amendment) Regulations, 2008, with effect from 16 April 2008.",1
2,REG_163,REG,"Under Regulation 15(1)(d), Category III AIFs may invest not more than 10% of their investable funds in any single investee company (directly or through other AIF units). Large value funds for accredited investors in Category III may invest up to 20% of investable funds in a single investee company.","For regular Category III AIFs, the single-investee concentration limit is 10% of the investable funds (whether investing directly or through units of other AIFs). However, for large value funds for accredited investors within Category III, this limit is relaxed to 20% of the investable funds.",1
2,CON_039,CON,No,"No, they do not state the same amount. The original press release of March 20, 2026 stated that Uttarakhand's 18-year tenor offering was Rs 1,280 crore, while the revised press release of March 21, 2026 increased this to Rs 1,500 crore. The two documents differ on this figure.",1
2,TMP_035,TMP,"Two years plus up to six months extension, for a maximum of two and a half years from the commencement of these regulations.","The base period is two years from commencement of the regulations. SEBI may extend this by up to six months on sufficient cause. So the maximum total time available to furnish Form A information is two years and six months from the date of commencement of the SEBI (Intermediaries) Regulations, 2008 in relation to that intermediary.",1
2,REG_177,REG,"Under Regulation 21(1), a CRA must maintain all records for a minimum period of five years. The required records include: balance sheets, profit and loss accounts, auditor's reports, client agreements, information and correspondence from clients, ratings assigned (including upgrades and downgrades), rating notes and committee decisions, rating assignment letters, and fee particulars.","A credit rating agency must maintain records for a minimum period of five years. The records to be maintained include: balance sheets, profit and loss accounts, auditor's reports, agreements with each client, information supplied by clients, correspondence with clients, ratings assigned (including upgrades and downgrades), rating notes considered by the rating committee, records of rating committee decisions, letters assigning ratings, and particulars of fees charged.",1
2,REG_072,REG,"A photocopy of the certificate of registration, and the name and contact details of the compliance officer.","Every SEBI-registered intermediary must prominently display at all its offices, including branch offices: (1) a photocopy of its SEBI registration certificate; and (2) the name and contact details of the compliance officer, so investors know who to approach in case of a grievance.",1
2,REG_001,REG,At least fifteen crore rupees,"The issuer must have an average operating profit of at least Rs 15 crore, calculated on a restated and consolidated basis, during the preceding three years of twelve months each. Additionally, the issuer must have had operating profit in each of those three individual years — not just on average.",0
2,REG_161,REG,"Under Regulation 14, units of a close-ended AIF may be listed on a stock exchange subject to two conditions: (1) the minimum tradable lot must be Rs one crore; and (2) listing is permitted only after the final close of the fund or scheme. Listing is not permitted prior to the final close.",Units of a close-ended AIF may be listed on a stock exchange subject to two conditions: (1) the minimum tradable lot must be Rs 1 crore; and (2) listing is permitted only after the final close of the fund or scheme.,1
2,REG_091,REG,"January 01, 2027","The section on Unique Transaction Identifier (UTI) implementation under Section B of the RBI Master Direction on Unique Identifiers in Financial Markets 2026 comes into effect from January 01, 2027.",1
2,CON_003,CON,Yes,"Yes, the two passages prescribe different thresholds. Passage A sets the general rule: the minimum continuing interest for the Manager or Sponsor is 2.5% of the corpus or Rs 5 crore, whichever is lower. Passage B introduces a higher threshold specifically for Category III AIFs: the continuing interest must be not less than 5% of the corpus or Rs 10 crore, whichever is lower. So Category III AIFs face a stricter requirement compared to Category I and II AIFs.",1
2,CON_062,CON,No,"No, they do not impose the same threshold. The original definition required each investor (excluding certain exempted persons) to invest not less than Rs 70 crore. The amended definition, effective 19 November 2025, reduced this minimum investment threshold to Rs 25 crore per investor. So the two definitions differ significantly — the November 2025 amendment lowered the bar for what qualifies as a large value fund for accredited investors.",1
3,REG_175,REG,"Under Regulation 16(2), if a client fails to cooperate, the CRA must still carry out the review on the basis of best available information (or as specified by the Board), and must disclose to investors that the rating is based on best available information due to lack of client cooperation. Under Regulation 16(3), a CRA may not withdraw a rating so long as the obligations under the rated security are outstanding — withdrawal is only permitted if the rated company is wound up, or merged/amalgamated with another company (or as otherwise specified by the Board).","Under Regulation 16(2), if the client does not cooperate with the credit rating agency during the review process, the CRA shall carry out the review on the basis of the best available information or in the manner specified by SEBI from time to time. If a rating has been based on best available information due to such lack of co-operation, the CRA must disclose this fact to investors. Under Regulation 16(3), a CRA shall NOT withdraw a rating so long as the obligations under the rated security are outstanding. The only exceptions permitting withdrawal are: (a) the company whose security is rated is wound up, or (b) merged or amalgamated with another company.",1
3,REG_184,REG,"Under Regulation 28E(m)(iv), a Category I ESG rating provider must maintain a minimum liquid net worth of Rs 5 crore at all times on an ongoing basis. At the time of making the application for registration, the applicant must have a minimum liquid net worth equal to the higher of: (A) Rs 10 crore, or (B) Rs 5 crore plus the applicant's own projected target of cumulative cash losses until its targeted breakeven date.","Ongoing requirement: A Category I ESG rating provider must maintain a minimum liquid net worth of Rs 5 crore at all times. Application-time requirement: At the time of making the application, the applicant must have a minimum liquid net worth of the HIGHER of: (A) Rs 10 crore, OR (B) Rs 5 crore plus the target on cumulative cash losses until breakeven.",1
3,REG_195,REG,The shares must: (a) be listed and frequently traded; (b) have been listed for at least 2 years before the date of public announcement; (c) the issuer must have redressed at least 95% of investor complaints in the preceding calendar quarter; (d) the issuer must have materially complied with listing regulations for at least 2 years preceding the public announcement; (e) impact of auditors' qualifications must not exceed 5% of net profit or loss after tax for three preceding financial years; and (f) SEBI must not have issued any direction restricting the issuer's access to capital markets or issuance of fresh shares.,"Under Regulation 9(2), listed shares offered as non-cash consideration in an open offer must satisfy all of the following conditions: (a) they are listed and frequently traded; (b) they have been listed for at least two years preceding the date of public announcement; (c) the issuer has redressed at least 95% of complaints received from investors in the preceding calendar quarter; (d) the issuer has been in material compliance with listing regulations for at least two years immediately preceding the date of public announcement; (e) the impact of auditors' qualifications does not exceed 5% of net profit or loss after tax for the three immediately preceding financial years; (f) SEBI has not issued directions against the issuer restricting access to the capital market.",1
3,REG_180,REG,"Under Regulation 24A, a CRA may not directly or indirectly hold 10% or more shareholding or voting rights in any other CRA, and may not have board representation in any other CRA. Additionally, any shareholder holding 10% or more in one CRA may not hold 10% or more (directly or indirectly) in any other CRA. There is an exemption: these cross-shareholding restrictions do not apply to holdings by Pension Funds, Insurance Schemes, and Mutual Fund Schemes.","Under Regulation 24A(1): (a) No CRA shall directly or indirectly hold 10% or more shareholding and/or voting rights in any other CRA, and (b) no CRA shall have representation on the Board of any other CRA. Under Regulation 24A(2): A shareholder holding 10% or more shares and/or voting rights in a CRA shall not hold 10% or more shares and/or voting rights, directly or indirectly, in any other CRA. Exemption: The restriction in sub-regulation (2) does not apply to holdings by Pension Funds, Insurance Schemes, and Mutual Fund Schemes.",1
3,REG_202,REG,"The board is prohibited from: (a) alienating material assets outside ordinary course of business; (b) effecting material borrowings outside ordinary course; (c) issuing unissued securities with voting rights; (d) implementing share buy-backs or changing capital structure; (e) entering into, amending or terminating material contracts outside ordinary course; and (f) accelerating any contingent vesting of rights such as ESOPs.","Under Regulation 26(2), unless shareholder approval is obtained by special resolution through postal ballot, the board of directors of the target company (or any of its subsidiaries) shall not during the offer period: (a) alienate any material assets outside the ordinary course of business; (b) effect any material borrowings outside the ordinary course of business; (c) issue or allot any authorised but unissued securities entitling voting rights; (d) implement any buy-back or effect capital structure changes; (e) enter into, amend or terminate material contracts outside the ordinary course of business; (f) accelerate any contingent vesting of rights, including ESOPs.",1
3,REG_165,REG,"Under Regulation 16(1)(c), Category I AIFs shall not borrow funds or engage in leverage for investment purposes. The only permitted borrowing is for temporary funding requirements and day-to-day operational requirements, subject to three cumulative conditions: (1) borrowing shall not be for more than thirty days at a time; (2) borrowing shall not occur on more than four occasions in a year; and (3) borrowing shall not exceed ten percent of the investable funds.",A Category I AIF may borrow funds only to meet temporary funding requirements and day-to-day operational requirements. Three specific restrictions apply cumulatively to such borrowing: (1) Duration: not more than thirty days per borrowing instance; (2) Frequency: not more than four occasions in a year; (3) Quantum: not more than ten percent of the investable funds. Borrowing for any purpose other than temporary funding and operational requirements is not permitted.,1
3,REG_182,REG,"Under Regulation 27(1), a CRA shall not rate securities of: (a) a borrower of its promoter; (b) a subsidiary of its promoter; or (c) an associate of its promoter — if there are common Chairmen, directors, or employees between the CRA and such entities, or common persons on the rating committee. Under Regulation 27(2), a CRA shall also not rate securities of its own associate or subsidiary if the CRA or its rating committee shares a Chairman, director, or employee with such entities.","Under Regulation 27(1): No CRA shall rate a security issued by an entity that is (a) a borrower of its promoter, (b) a subsidiary of its promoter, or (c) an associate of its promoter, IF there are common Chairman or Directors between the CRA and those entities, or common employees, or common Chairman, Directors, or Employees on the rating committee. Under Regulation 27(2): No CRA shall rate a security issued by its own associate or subsidiary if the CRA or its rating committee has a Chairman, director or employee who is also a Chairman, director or employee of any such associate or subsidiary entity.",1
3,REG_141,REG,"No, not immediately. Under Regulation 15(7), an investment adviser is prohibited from entering transactions on its own account contrary to client advice for 15 days from the day of advice. Even if the situation has changed within those 15 days, the adviser cannot act immediately — it must first give a revised assessment to clients at least 24 hours in advance before entering the contrary own-account transaction. So the adviser must provide the revised assessment and then wait at least 24 hours before selling from its own account.","No, the adviser cannot immediately sell. Under Regulation 15(7), the investment adviser is prohibited from entering into transactions contrary to the advice given to clients for a period of fifteen days from the day of such advice. Since only 10 days have elapsed, the adviser is still within the 15-day prohibition window. However, the proviso permits an exception: if the adviser is of the opinion that the situation has changed within those 15 days, it may enter into the contrary own-account transaction ONLY after giving a revised assessment to the client at least 24 hours in advance of entering into such transaction. Accordingly, the adviser must first issue the revised assessment to clients, then wait at least 24 hours before executing the sale from its own account.",1
3,REG_147,REG,"Under Regulation 22A, implementation services may be provided subject to four conditions: (1) No consideration (commission, referral fees, or any indirect benefit) shall be received by the investment adviser or its group or family at any level for the implementation service; (2) Implementation services must be provided only through direct schemes/products in the securities market; (3) No implementation fees shall be charged from the client by the investment adviser, its group, or family; (4) The client is not under any obligation to avail the implementation services offered by the adviser.","The four key conditions governing an investment adviser's provision of implementation services under Regulation 22A are: (1) No consideration (including any commission or referral fees, whether embedded, indirect, or otherwise) shall be received directly or indirectly at the investment adviser's group or family level for the said service; (2) Implementation services shall be provided to advisory clients only through direct schemes/products in the securities market; (3) Neither the investment adviser nor its group or family shall charge any implementation fees from the client; (4) The client shall not be under any obligation to avail the implementation services offered by the investment adviser.",1
3,REG_196,REG,The shareholder must reduce their shareholding such that voting rights fall below the 25% threshold within 90 days from the date of closure of the buy-back offer.,"Under Regulation 10(3), to claim exemption from the open offer obligation when voting rights exceed the threshold solely due to a buy-back by the target company, the shareholder must reduce its shareholding such that its voting rights fall BELOW the threshold referred to in sub-regulation (1) of Regulation 3 WITHIN NINETY DAYS from the date of the closure of the said buy-back offer. Failure to reduce shareholding within this 90-day window would mean the exemption is not available.",1
3,REG_137,REG,"An individual investment adviser must transition to non-individual status when either: (i) the number of clients exceeds 300 at any point of time, OR (ii) the fee collected during the financial year exceeds Rs 3 crore — whichever occurs earlier. Upon breaching the threshold, the IA must immediately intimate the Administration and Supervisory Body and initiate the transition process, and must apply for in-principle approval for non-individual registration within 3 months from the date the threshold is reached.","The dual threshold that triggers mandatory transition is: (i) the number of clients exceeds 300 at any point of time, OR (ii) the fee collected during the financial year exceeds Rs 3 crore — whichever occurs earlier. Upon breaching either threshold, the individual IA must: (i) immediately intimate the Administration and Supervisory Body and initiate the process of transition from individual to non-individual investment adviser; and (ii) apply for grant of in-principle approval for registration as a non-individual investment adviser within 3 months from the date on which the threshold is reached.",1
3,REG_113,REG,10% of NAV; may be extended to 12% with prior approval of both the Board of Trustees and the Board of Directors of the AMC,"The standard investment limit is 10% of the scheme's NAV in debt instruments (comprising both money market instruments and non-money market instruments) issued by a single issuer, provided such instruments are rated not below investment grade by an authorised credit rating agency. This limit may be extended to 12% of NAV with the prior approval of both the Board of Trustees AND the Board of Directors of the asset management company. The limit does not apply to investments in Government Securities, treasury bills, and triparty repo on Government securities or treasury bills.",1
3,REG_102,REG,Before the 15th April each year; the Board may allow payment up to two months from commencement of the financial year,"A mutual fund must pay its annual service fee before the 15th April of each year (for the financial year following the year of registration). SEBI may, if satisfied with the reasons for delay, permit the mutual fund to pay the fee at any time before the expiry of two months from the commencement of the financial year to which such fee relates. Since the financial year commences on April 1, this grace period extends to the end of May (i.e., by May 31).",1
3,REG_114,REG,Unlisted securities of an associate or group company of the sponsor; and securities issued by private placement by an associate or group company of the sponsor,"Under paragraph 9 of the Seventh Schedule, two categories of securities are absolutely prohibited for mutual fund scheme investment: (a) any unlisted security of an associate or group company of the sponsor; and (b) any security issued by way of private placement by an associate or group company of the sponsor. (Note: Listed securities of group companies of the sponsor are not absolutely prohibited but are capped at 25% of net assets under clause (c).)",1
3,REG_122,REG,Not more than 10% of NAV overall; not more than 5% of NAV in units of a single InvIT issuer,"Under paragraph 13 of the Seventh Schedule, a mutual fund scheme may not invest: (i) more than 10% of its NAV in the units of InvIT in aggregate (overall cap); and (ii) more than 5% of its NAV in the units of InvIT issued by any single InvIT issuer (per-issuer cap). Exception: Both limits are not applicable for investments by index funds or sector/industry specific schemes pertaining to REIT and InvIT.",1
3,REG_118,REG,5 per cent of the net asset value of the mutual fund (this restriction does not apply to fund of funds schemes),"Under paragraph 4 of the Seventh Schedule, the aggregate inter-scheme investment made by all schemes under the same AMC management (or in schemes under the management of any other asset management company) shall not exceed 5% of the net asset value of the mutual fund. Such inter-scheme investments must be made without charging any fees. Exception: This restriction does not apply to any fund of funds scheme.",1
3,REG_059,REG,"More than five hundred crore rupees, as per the latest audited financial statements","Under SEBI (InvIT) Regulations 2014, a family trust or an intermediary registered with the Board must have a net worth of MORE THAN Rs 500 crore, as per the latest audited financial statements, to qualify as an 'institutional investor'. (The other category of institutional investor under this definition is a qualified institutional buyer, for which no minimum net worth is separately specified here.)",1
3,REG_159,REG,"Under Regulations 13(1) and (2), Category I and II AIFs must be close-ended and the tenure of the fund or scheme must be determined at the time of application; such funds or their schemes must have a minimum tenure of three years. Under Regulation 13(3), schemes of Category III AIFs have no such restriction — they may be open-ended or close-ended.","Category I and II AIFs must be CLOSE ENDED; the tenure of the fund or scheme is determined at the time of application, subject to sub-regulation (2). Both Category I and II AIFs (or schemes launched by such funds) must have a MINIMUM TENURE OF THREE YEARS. Category III AIF schemes may be EITHER OPEN ENDED OR CLOSE ENDED — there is no structural restriction or minimum tenure requirement specified for Category III.",1
3,REG_120,REG,"To meet temporary liquidity needs for repurchase, redemption or payment of interest or dividend; borrowing shall not exceed 20 per cent of the net assets of the scheme; duration shall not exceed six months","A mutual fund may borrow only to meet TEMPORARY LIQUIDITY NEEDS for the purpose of repurchase, redemption of units, or payment of interest or dividend to unitholders. Borrowing for any other purpose is not permitted. The two quantitative limits are: (1) Quantum limit: the mutual fund shall not borrow more than 20% of the net asset of the scheme; and (2) Duration limit: the duration of such borrowing shall not exceed a period of six months.",1
3,REG_061,REG,"A practising chartered accountant or valuer, as applicable","Under SEBI (InvIT) Regulations 2014, when the investment manager has advised that there may be a conflict of interest in a transaction between the investment manager and its associates, the trustee must review the transaction and obtain confirmation from a PRACTISING CHARTERED ACCOUNTANT OR VALUER, as applicable, that such transaction is on an arm's length basis.",1
3,REG_200,REG,"The acquirer may complete the acquisition after expiry of 21 working days from the date of the detailed public statement, provided they have deposited in the escrow account, in cash, an amount equal to the entire consideration payable under the open offer assuming full acceptance.","Under Regulation 22(2), the acquirer may complete the underlying acquisition (and parties to the agreement may act upon it) after the expiry of TWENTY-ONE WORKING DAYS from the date of the detailed public statement, PROVIDED THAT the acquirer has deposited in the escrow account CASH of an amount equal to the ENTIRE CONSIDERATION payable under the open offer assuming full acceptance of the open offer. This is an exception to the general rule in sub-regulation (1) that prohibits acting on the agreement during the offer period.",1
3,REG_155,REG,"Under Regulation 10(d), the Manager or Sponsor must maintain a continuing interest of not less than 2.5% of the corpus or Rs 5 crore, whichever is lower, in the form of investment in the AIF (not via waiver of management fees). For Category III AIFs, the threshold is higher: not less than 5% of the corpus or Rs 10 crore, whichever is lower.","Under Regulation 10(d), the Manager or Sponsor must maintain a continuing interest in the AIF in the form of actual investment in the AIF (not through waiver of management fees). For Category I and II AIFs: the continuing interest must be not less than 2.5% of the corpus OR Rs 5 crore, WHICHEVER IS LOWER. For Category III AIF: the continuing interest must be not less than 5% of the corpus OR Rs 10 crore, WHICHEVER IS LOWER. Yes, the requirement differs — Category III requires a higher absolute and proportionate continuing interest than Category I/II.",1
3,REG_166,REG,"Under Regulation 16(2)(a), at least 75% of the investable funds of a venture capital fund must be invested in unlisted equity shares or equity-linked instruments of a venture capital undertaking, or in companies listed or proposed to be listed on an SME exchange or SME segment of an exchange. This 75% threshold must be achieved by the fund by the end of its life cycle.","Under Regulation 16(2)(a), a venture capital fund (Category I AIF sub-category) must invest at least 75% of its investable funds in: unlisted equity shares or equity linked instruments of a venture capital undertaking, OR in companies listed or proposed to be listed on a SME exchange or SME segment of an exchange. This 75% investment condition must be achieved by the fund by the end of its life cycle.",1
3,REG_154,REG,"Under Regulation 10(c), the minimum investment by any investor in an AIF scheme is Rs one crore. Two exceptions apply: (1) employees or directors of the AIF, or employees or directors of the Manager, have a reduced minimum of Rs twenty-five lakh; (2) the minimum investment requirement does not apply at all to accredited investors.","The minimum investment per investor in an AIF scheme is Rs 1 CRORE. Exception 1 (reduced minimum): For investors who are employees or directors of the AIF, or employees or directors of the Manager, the minimum investment is Rs 25 LAKH. Exception 2 (full exemption): An ACCREDITED INVESTOR is fully exempt from this minimum investment requirement — the minimum threshold does not apply.",1
3,REG_191,REG,"Regulation 6A prohibits wilful defaulters from making a public announcement of an open offer or entering into any transaction triggering an open offer obligation. However, it does not prohibit a wilful defaulter from making a competing offer when another person has made an open offer for shares of the same target company.","Regulation 6A prohibits any person who is a WILFUL DEFAULTER from: (i) making a public announcement of an open offer for acquiring shares, or (ii) entering into any transaction that would attract the obligation to make such a public announcement of an open offer. Exception carved out: The regulation does not prohibit a wilful defaulter from making a COMPETING OFFER upon any OTHER person making an open offer for acquiring shares of the target company. In that specific scenario, the wilful defaulter may participate as a competing bidder.",1
3,REG_079,REG,After three years have lapsed since the default ceased to subsist.,"Under the proviso to the relevant provision, a company that has defaulted on repayment may conduct a buy-back only if TWO CONDITIONS are jointly satisfied: (1) the default has been remedied, AND (2) a period of THREE YEARS has lapsed after such default ceased to subsist. Therefore, the company must wait three years from the date the default ceased to subsist before it can conduct a buy-back.",1
3,NUM_096,NUM,"Rs625 crore (maximum eligible dividend of Rs1,125 crore minus interim dividend already paid of Rs500 crore)","From Illustration 3: Adjusted PAT (C) = Rs 1,500 crore minus 50% of Rs 300 crore = Rs 1,350 crore. 75% of PAT (E) = Rs 1,125 crore. Maximum payable per table at Bucket B10 (100% of Adjusted PAT) (F) = Rs 1,350 crore. Maximum Eligible Dividend (G) = Lower of E or F = Rs 1,125 crore. Less interim dividend already paid (H) = Rs 500 crore. Maximum FINAL dividend = G minus H = Rs 1,125 crore minus Rs 500 crore = Rs 625 crore.",1
3,NUM_110,NUM,"The 15-day prohibition runs from January 10 through January 24 (inclusive; day 1 = January 10, day 15 = January 24). January 22 falls within the prohibition window. Since the situation has changed, the adviser may still transact within the 15-day period provided it gives clients a revised assessment at least 24 hours in advance. If the revised assessment is communicated on January 22 at 3:00 PM, the earliest permissible time to enter the contrary sell transaction is January 23 at 3:00 PM (i.e., 24 hours later).","The 15-day prohibition runs from January 10 (Day 1) through January 24 (Day 15). January 22 is Day 13, which is within the 15-day prohibition window. Under the proviso to Regulation 15(7), since the adviser believes the situation has changed within the 15-day window, the adviser must give a revised assessment to the client at least 24 hours BEFORE entering the contrary own-account transaction. If the revised assessment is given on January 22 at 3:00 PM, then 24 hours later = January 23 at 3:00 PM. The earliest date and time the adviser can enter the contrary sell transaction is January 23 at 3:00 PM.",1
3,NUM_118,NUM,"External institutional investor (Rs 75 lakh): fails the minimum of Rs 1 crore. Director of the Manager (Rs 20 lakh): fails the reduced minimum of Rs 25 lakh applicable to manager's directors. Employee of AIF (Rs 30 lakh): meets the Rs 25 lakh minimum for AIF employees. Accredited investor (Rs 50 lakh): no minimum applies — Regulation 10(c) does not apply to accredited investors. Therefore, two investments fail: the external institutional investor (Rs 75 lakh < Rs 1 crore) and the director of the Manager (Rs 20 lakh < Rs 25 lakh).","Applicable minimum investment thresholds under Regulation 10(c): (i) General investors: Rs 1 crore; (ii) Employees/directors of the AIF or Manager: Rs 25 lakh; (iii) Accredited investors: exempt (no minimum). Assessment of proposed investments: (a) External institutional investor: proposed Rs 75 lakh vs minimum Rs 1 crore — FAILS (shortfall of Rs 25 lakh). (b) Director of the Manager: proposed Rs 20 lakh vs minimum Rs 25 lakh — FAILS (shortfall of Rs 5 lakh). (c) Employee of the AIF: proposed Rs 30 lakh vs minimum Rs 25 lakh — PASSES. (d) Accredited investor: proposed Rs 50 lakh, fully exempt from minimum — PASSES. Conclusion: The external institutional investor and the director of the Manager fail to meet the minimum investment requirements.",1
3,NUM_095,NUM,"Rs5,500 crore (40% of Adjusted PAT of Rs13,750 crore, which is lower than 75% of PAT of Rs12,750 crore)","From Illustration 1: Adjusted PAT (C) = Rs 17,000 crore minus 50% of Rs 6,500 crore = Rs 13,750 crore. 75% of PAT (E) = Rs 12,750 crore. Maximum payable per Table 1 at Tier 1 ratio of 11.72% (Bucket B4, 40% of Adjusted PAT) (F) = Rs 5,500 crore. Maximum Eligible Dividend = Lower of E or F = Lower of Rs 12,750 crore and Rs 5,500 crore = Rs 5,500 crore.",1
3,NUM_122,NUM,(a) Regular Category II AIF: Original tenure = 5 years + maximum extension = 2 years (subject to 2/3 unit holder approval). Maximum total tenure = 7 years. (b) Accredited Investors only fund: Original tenure = 5 years + maximum extension = 5 years (subject to 2/3 unit holder approval). Maximum total tenure = 10 years. Note: the minimum tenure of 3 years (Reg 13(2)) is only a floor; the actual tenure is as determined at registration.,"Under Regulation 13(2), Category I and II AIFs must have a minimum tenure of 3 years. Under Regulation 13(5), extension of tenure may be permitted for up to 2 years (regular fund) or up to 5 years (Accredited Investors only fund), subject to approval of two-thirds of unit holders by value. (a) Regular Category II AIF with initial 5-year tenure: maximum extension = 2 years; maximum TOTAL tenure = 5 + 2 = 7 years. (b) Accredited Investors only Category II AIF with initial 5-year tenure: maximum extension = 5 years; maximum TOTAL tenure = 5 + 5 = 10 years.",1
3,NUM_097,NUM,"Rs19,000 crore (50% of Adjusted PAT of Rs38,000 crore, which is lower than 75% of PAT of Rs30,375 crore)","From Illustration 2: Adjusted PAT (C) = Rs 40,500 crore minus 50% of Rs 5,000 crore = Rs 38,000 crore. 75% of PAT (E) = Rs 30,375 crore. Maximum payable per Table 1 at Tier 1 ratio of 15% (Bucket B5, 50% of Adjusted PAT) (F) = Rs 19,000 crore. Maximum Eligible Dividend = Lower of E or F = Lower of Rs 30,375 crore and Rs 19,000 crore = Rs 19,000 crore.",1
3,NUM_114,NUM,"The 15-day prohibition window runs from April 1 to April 15 (inclusive). April 16 falls outside the 15-day prohibition window, so the adviser may freely enter the contrary own-account buy transaction on April 16 without the need to invoke the revised-assessment exception. The transaction on April 16 is permissible. (Note: the revised assessment on April 14 was not strictly necessary for transacting on April 16, as the prohibition expired on April 15.)","The 15-day prohibition runs from April 1 (Day 1) through April 15 (Day 15). The revised assessment was issued on April 14 (Day 14), which is within the 15-day window — satisfying the proviso's requirement. Under the proviso, the adviser may enter the contrary transaction at least 24 hours after giving the revised assessment to clients. 24 hours after April 14 = April 15. April 16 is both after the 24-hour notice period AND after the 15-day prohibition window (which ends on April 15). YES, the April 16 transaction is permissible. The adviser has satisfied both conditions: revised assessment given within the 15-day window, and at least 24 hours have elapsed before the transaction.",0
3,NUM_134,NUM,"26 weeks from March 15, 2024 is approximately September 15, 2024. August 20, 2024 falls within this window, so Regulation 8(10) applies. The acquirer must pay Rs 30 per share (Rs 130 minus Rs 100) to all tendering shareholders within 60 days from August 20, 2024, i.e., by approximately October 19, 2024.","YES, Regulation 8(10) applies. The open offer tendering period completed with payment on March 15, 2024. 26 weeks from March 15, 2024 = approximately September 14, 2024. The acquirer's open-market purchase at Rs 130 per share occurred on August 20, 2024, which falls within the 26-week window after the tendering period. Since the acquisition price (Rs 130) exceeds the offer price (Rs 100), the acquirer must pay the difference of Rs 30 per share to all shareholders whose shares were accepted in the open offer. Deadline: within 60 days from August 20, 2024 = by October 19, 2024.",1
3,NUM_038,NUM,"No. Eight lakh rupees out of ninety lakh rupees is approximately 8.9 per cent, which is below the ten per cent threshold; the disqualification criterion is not triggered","The disqualification threshold is 10% or more of the gross turnover of the consulting firm in any of the three financial years immediately preceding the financial year of proposed appointment. Calculation: Transactions with InvIT in FY2023 = Rs 8 lakh; Gross turnover of the firm in FY2023 = Rs 90 lakh. Transaction as a percentage of gross turnover = Rs 8 lakh / Rs 90 lakh = 8.89%. Since 8.89% is LESS THAN 10%, the disqualification threshold is NOT met. Conclusion: The partner of the consulting firm would NOT be disqualified from acting as an independent director of the investment manager for FY2026.",0
3,NUM_129,NUM,"No, the proposed acquisition would not violate Regulation 24A(2). The restriction applies to a shareholder holding 10% or more in one CRA acquiring 10% or more in another CRA. Institution X already holds 12% (≥10%) in CRA-1. However, the proposed acquisition in CRA-2 is only 9%, which is below the 10% threshold. Since the combined holding in CRA-2 (9%) is less than 10%, the restriction under Regulation 24A(2) is not triggered. The acquisition is permissible.","Regulation 24A(2) prohibits a shareholder holding 10% or more in one CRA from also holding 10% or more in any other CRA. Institution X holds 12% in CRA-1 (above the 10% threshold — the restriction is triggered). The proposed acquisition is a 9% stake in CRA-2, which is BELOW the 10% threshold in CRA-2. Since the restriction under Regulation 24A(2) is triggered only when the shareholder holds 10% or more in BOTH CRAs, a 9% holding in CRA-2 does not breach the restriction. Conclusion: The proposed acquisition would NOT violate Regulation 24A(2).",1
3,NUM_117,NUM,"Scheme A (private equity, Category II): minimum Rs 20 crore. Scheme B (social impact fund, Category I): minimum Rs 5 crore. Scheme C (infrastructure fund, Category I): minimum Rs 20 crore. Total minimum corpus = Rs 20 crore + Rs 5 crore + Rs 20 crore = Rs 45 crore.","Under Regulation 10(b): the minimum corpus per scheme is Rs 20 crore, except for a social impact fund scheme, which requires a minimum of Rs 5 crore. Minimum corpus calculation: Scheme A (private equity fund): Rs 20 crore. Scheme B (social impact fund): Rs 5 crore. Scheme C (infrastructure fund): Rs 20 crore. Total minimum corpus = Rs 20 + Rs 5 + Rs 20 = Rs 45 crore.",1
3,NUM_113,NUM,"Cumulative fees: After 8 months = Rs 2.65 crore. After month 9: 2.65 + 0.22 = Rs 2.87 crore (threshold of Rs 3 crore not yet breached). After month 10: 2.87 + 0.18 = Rs 3.05 crore (exceeds Rs 3 crore). The fee threshold is breached at the end of the 10th month, when total fees reach Rs 3.05 crore. Excess above threshold = Rs 3.05 − Rs 3.00 = Rs 0.05 crore.","The fee-based transition threshold is reached when cumulative fees collected during the financial year exceed Rs 3 crore. Running total: After 8 months = Rs 2.65 crore. After Month 9 (Rs 0.22 crore added): cumulative total = Rs 2.87 crore (below threshold). After Month 10 (Rs 0.18 crore added): cumulative total = Rs 3.05 crore (exceeds Rs 3 crore). The fee-based threshold of Rs 3 crore is breached at the end of Month 10, with total fees of Rs 3.05 crore.",1
3,NUM_035,NUM,26 May 2025 (after expiry of the twenty one days notice period from 5 May),"The regulation requires the issuer to give twenty-one days' notice of the proposed roll-over to holders of municipal debt securities. Notice dispatched on 5 May 2025. Counting 21 days from May 5: the 21-day notice period expires on May 25, 2025 (Day 21). The roll-over can take effect at the earliest on May 26, 2025 (the day after the notice period has fully elapsed), assuming all holders provide consent within the notice period.",1
3,NUM_121,NUM,Maximum permitted investment in any single investee company = 25% of investable funds = 25% × Rs 400 crore = Rs 100 crore. The proposed investment of Rs 120 crore exceeds the limit by Rs 20 crore. The investment is not permissible as proposed. The maximum permissible investment in Company X is Rs 100 crore.,"Under Regulation 15(1)(c), Category I and II AIFs shall not invest more than 25% of investable funds in a single investee company. Maximum permissible investment = 25% of Rs 400 crore = Rs 100 crore. Proposed investment of Rs 120 crore exceeds this limit (Rs 120 crore > Rs 100 crore). Conclusion: The proposed investment of Rs 120 crore in Company X is NOT permissible. The maximum permissible amount that can be invested in Company X is Rs 100 crore.",1
3,CON_069,CON,No,"No, the original and 2018-amended versions of Regulation 9(f) do NOT define the same permissible scope of rating activities. The original version restricted CRA activities to 'rating of securities offered by way of public or rights issue' — i.e., only primary market issuances. The 2018-amended version (w.e.f. 11-09-2018) expanded this to 'rating of securities that are listed or proposed to be listed on a stock exchange recognized by the Board', which covers both primary and secondary market listed securities, a materially broader scope. Additionally, the original proviso permitted 'any other activity required by a financial sector regulator' broadly, while the 2018 version restricts other activities to those specifically prescribed or permitted by the Board. The two versions therefore impose meaningfully different scope restrictions on CRA rating activities.",1
3,CON_053,CON,No,"No, Passage A and Passage B do NOT impose the same restriction — they address fundamentally different attributes of debt instruments. Passage A restricts investments in UNRATED debt instruments: capped at 10% of NAV per single issuer and 25% of NAV in aggregate, with prior approval of the Board of Trustees and Board of AMC. Passage B restricts investments in UNLISTED debt instruments: generally prohibited (except Government Securities and money market instruments), with a limited carve-out of up to 10% of the DEBT PORTFOLIO (not NAV) for unlisted NCDs, subject to Board-specified conditions. The restrictions operate along different dimensions (rating status vs. listing status), use different denominators (NAV vs. debt portfolio), and carry different approval mechanisms. They are complementary but not the same restriction.",1
3,CON_073,CON,No,"There is NO contradiction between the main provision and the 2020 proviso of Regulation 3(2). The main provision sets the standard annual creep acquisition limit at 5% of voting rights for acquirers holding 25% or more. The 2020 proviso creates a narrow, one-time exception applicable ONLY for FY 2020-21, allowing acquisition beyond 5% and up to 10% of voting rights, but only in the specific case of a promoter acquiring shares pursuant to a preferential issue by the target company. A proviso supplements the main provision by carving out a defined exception; it does not contradict the general rule. Outside the specific conditions of the proviso (i.e., any year other than 2020-21, or any acquirer other than a promoter in a preferential issue), the 5% annual cap continues to apply in full.",0
3,CON_050,CON,No,"Both passages use a 5% threshold, so the percentage limit is the same. However, the two provisions are NOT identical — they measure the 5% against different bases over different time periods. Passage A measures 5% against the DAILY GROSS BUSINESS of the mutual fund (a daily measurement). Passage B measures 5% against the AGGREGATE PURCHASES AND SALES of securities made by the mutual fund in all its schemes over a BLOCK OF THREE MONTHS (a rolling quarterly measurement). The percentage figure is the same (5%) but the benchmark and the time period over which compliance is assessed differ materially — daily gross business vs. three-month aggregate — making the effective restriction different.",0
3,CON_049,CON,Yes,"Both passages use a 10% shareholding/voting rights threshold, so the threshold is numerically identical. However, the two passages are NOT the same in scope — they apply to different classes of entities. Passage A applies the 10% cross-ownership restriction specifically to a SPONSOR, its ASSOCIATES, and GROUP COMPANIES (including the AMC) of a mutual fund. Passage B applies the 10% restriction to ANY SHAREHOLDER holding 10% or more in the AMC or trustee company of a mutual fund. Passage B is therefore broader in coverage (any shareholder, not just sponsor and its related parties), while Passage A captures the sponsor-group specifically. The two provisions are complementary — applying the same threshold to different categories of persons.",0
3,CON_057,CON,No,"No, the pre-2025 and post-2025 versions impose materially different educational qualification requirements. The pre-2025 version (Passage A) offers multiple alternative pathways: a professional qualification OR graduate/postgraduate degree in a specified list of disciplines (finance, accountancy, business management, commerce, economics, capital market, banking, insurance, actuarial science, or other financial services) from a recognised university, OR completion of NISM's Post Graduate Program in Securities Market (Investment Advisory) of minimum one year duration, OR a CFA Charter from the CFA Institute. Any one of these alternatives sufficed. The post-2025 version (Passage B) requires: (1) a graduate degree or equivalent from a recognised university/institution OR a CFA Charter from CFA Institute, AND (2) a relevant NISM certification (from NISM or an NISM-accredited body). The post-2025 version adds a mandatory NISM certification component (which was absent as a standalone requirement pre-2025), collapses the lengthy list of acceptable disciplines into a general graduate degree requirement, and removes the NISM PGP pathway.",1
3,CON_076,CON,No,"There is NO direct contradiction between Regulation 23(1) and Regulation 6A. They operate at different stages of the open offer process. Regulation 6A is a PRE-OFFER restriction: it prohibits a wilful defaulter from making a public announcement of an open offer in the first instance, or from entering into any transaction that would trigger such an obligation. Regulation 23(1) governs WITHDRAWAL of an open offer that has ALREADY BEEN MADE — it lists the limited grounds (statutory approval refused, death of acquirer, unfulfilled conditions outside the acquirer's control, or Board's opinion) on which an announced open offer can be withdrawn. The exception in Regulation 6A (permitting a wilful defaulter to make a COMPETING offer when another party has already made an open offer) does not conflict with Regulation 23(1), since any such competing offer would itself become subject to the withdrawal restrictions of Regulation 23(1) once made. The two regulations address different phases and are not in contradiction.",0
3,CON_068,CON,No,"No, the original Regulation 14(g) and the 2011-amended version do NOT impose the same mandatory rating requirement. The original Regulation 14(g) imposed a specific, prescriptive obligation: for any issue of debt securities whose size equals or exceeds Rs 100 crore, the client must obtain a rating from AT LEAST TWO DIFFERENT rating agencies — a dual-rating requirement with a quantitative size threshold. The 2011-amended version (substituted w.e.f. 27-12-2011) replaced this with a general obligation: the client must obtain a rating for any issue of debt securities 'in accordance with the relevant regulations' — removing both the specific Rs 100 crore size threshold and the mandatory two-agency requirement. The amended version is a general cross-referencing clause, significantly less prescriptive than the original, and eliminates the dual-rating and threshold requirements entirely.",1
3,CON_063,CON,No,"No, the original and 2021-amended versions of Regulation 15(1)(e) do NOT cover the same categories of investments requiring 75% investor approval. The original (pre-2021) version required 75% investor approval only for AIF investments in its ASSOCIATES. The 2021-amended version (substituted w.e.f. 05-05-2021) expanded the scope to require 75% investor approval for investments in: (a) associates (retained from original), AND (b) units of AIFs managed or sponsored by the Manager, Sponsor, or associates of the Manager or Sponsor (newly added category). The amendment materially widens the restriction by capturing investments in related/affiliated AIFs — a category not covered by the original provision. This reflects a tightening of conflict-of-interest safeguards beyond just associate investments.",1
3,TMP_068,TMP,"The SEBI (Alternative Investment Funds) (Amendment) Regulations, 2020 (w.e.f. 19-10-2020) substituted Regulation 4(g) to replace the experience-based standard with a certification-based standard. The original requirement was for at least one key personnel to have not less than five years of experience in managing pools of capital or securities plus a relevant professional qualification. The 2020 amendment replaced this with two separate requirements: (i) at least one key personnel must hold a relevant SEBI-specified certification (not a minimum years-of-experience requirement), and (ii) at least one key personnel must hold a finance-related professional qualification or CFA Charter. The same person may fulfill both requirements. The key significance is the shift from experience as the primary criterion to certification as the primary requirement.","The original Regulation 4(g) (pre-2020) required the key investment team of the AIF Manager to have at least one key personnel with: (i) not less than five years of relevant experience in advising/managing pools of capital, fund/asset/wealth/portfolio management, or buying/selling/dealing in securities or other financial assets, AND (ii) a relevant professional qualification — a combined experience-plus-qualification standard with significant flexibility in what constituted a 'professional qualification.' The SEBI (AIF) (Amendment) Regulations, 2020 (w.e.f. 19-10-2020) substituted this with two distinct, objective requirements: (1) at least one key personnel must hold a relevant NISM certification, AND (2) at least one key personnel must hold a professional qualification in finance or a CFA Charter. Significance: The amendment shifts from an experience-led criterion to formal certification/qualification benchmarks, introducing specific, verifiable standards (NISM certification and finance qualification/CFA Charter) rather than the broader experience test, and the two requirements can be met by the same or different personnel.",1
3,TMP_056,TMP,"Transactions entered on or after January 15, 1998","Mutual funds with an aggregate of securities worth Rs 10 crore or more (as on the latest balance-sheet date) were required to settle transactions entered on or after JANUARY 15, 1998 only through dematerialised securities. This provision was inserted by the SEBI (Mutual Funds) (Amendment) Regulations, 1998, which came into effect on 12-1-1998, but the mandatory dematerialised settlement obligation applied to transactions entered on or after January 15, 1998.",1
3,TMP_052,TMP,Six per cent of funds raised; omitted by the 2008 amendment w.e.f. 16-4-2008,"The original Clause 5 of the Seventh Schedule of SEBI (Mutual Funds) Regulations, 1996 capped initial issue expenses at SIX PER CENT (6%) of the funds raised under that scheme. This provision was OMITTED by the SEBI (Mutual Funds) (Amendment) Regulations, 2008, with effect from 16-4-2008.",1
3,TMP_054,TMP,Regulation 47,"Under the original SEBI (Mutual Funds) Regulations, REGULATION 47 required every mutual fund to ensure that the asset management company computes and carries out valuation of investments made by its scheme(s) in accordance with the investment valuation norms specified in the Eighth Schedule. This obligation was subsequently moved to Regulation 25(19) when Regulation 47 was substituted by the SEBI (Mutual Funds) (Amendment) Regulations, 2023.",1
3,TMP_075,TMP,"The evolution of certificate validity for CRAs under SEBI (CRA) Regulations, 1999 went through three stages: (1) Original (1999): The original regulation prescribed a fixed validity period of three years for the certificate of registration. (2) 2011 Amendment (w.e.f. 05-07-2011): SEBI (CRA) (Amendment) Regulations, 2011 introduced a two-stage regime — an 'initial registration' valid for five years, after which the CRA could apply for 'permanent registration' (application to be made three months before expiry of the initial certificate). (3) 2016 Amendment (w.e.f. 08-12-2016): The SEBI (Change in Conditions of Registration of Certain Intermediaries) (Amendment) Regulations, 2016 abolished both the initial/permanent registration distinction and all fixed validity periods — the certificate is now valid in perpetuity unless suspended or cancelled by SEBI.","The certificate validity regime for CRAs evolved through three distinct phases: Phase 1 (original): Regulation 8(2) provided that the certificate of initial registration was VALID FOR FIVE YEARS. Phase 2 (post-2011 Amendment): Regulation 8A was inserted requiring an application for PERMANENT REGISTRATION to be made three months before the expiry of the initial five-year certificate — creating a two-stage registration structure (initial + permanent). Phase 3 (current, post-2016): Both Regulation 8A and the original Regulation 8(2) were omitted/substituted by the Change in Conditions of Registration of Certain Intermediaries (Amendment) Regulations, 2016 (w.e.f. 08-12-2016). The current Regulation 8(2) provides that the certificate is VALID UNLESS SUSPENDED OR CANCELLED — there is no fixed validity period, and registration continues indefinitely until revoked.",1
3,TMP_086,TMP,"Regulation 30, which required every person holding 25% or more of voting rights and all promoters to disclose their aggregate shareholding as of March 31 each financial year (within 7 working days from year-end), was omitted by the Second Amendment Regulations, 2021, with effect from April 1, 2022. This was part of a broader overhaul of disclosure obligations, including changes to Regulation 29. The annual continual disclosure was likely subsumed into or replaced by disclosure requirements under the Listing Obligations and Disclosure Requirements Regulations, 2015.","Regulation 30 (continual disclosures), which required every person holding 25% or more of shares/voting rights and all promoters to disclose their aggregate shareholding as of March 31 each year within 7 working days from year-end, was OMITTED by the SEBI (SAST) (Second Amendment) Regulations, 2021, with effect from 1 APRIL 2022. Simultaneously, Regulation 29(1) was substituted by the same amendment, changing the trigger for event-based acquisition disclosure: the original version required disclosure only by the specific acquirer making the acquisition, while the amended version requires disclosure by any acquirer (together with persons acting in concert) whose AGGREGATE acquisition reaches 5% or more — broadening the disclosure obligation.",1
3,TMP_084,TMP,"In 2013, a basic Regulation 5A was inserted allowing an acquirer making an open offer to also delist under the Delisting Regulations, 2009, with specific disclosure conditions. In December 2021, the Third Amendment Regulations substituted the old Regulation 5A with a comprehensive new framework referencing the updated Delisting Regulations, 2021. The new Regulation 5A introduced: (a) detailed conditions for acquirer eligibility; (b) a two-payment structure (indicative price if delisting threshold met, open offer price if not); (c) a two-attempt delisting structure; and (d) updated timelines for withdrawal announcements.","The evolution of Regulation 5A proceeded in two stages: Stage 1 (2013): Regulation 5A was INSERTED by the SEBI (Listing of Specified Securities on Institutional Trading Platform) Regulations, 2013 as a single, brief provision simply permitting an acquirer to delist the company in accordance with the SEBI (Delisting of Equity Shares) Regulations, 2009 — a bare cross-reference with no procedural detail. Stage 2 (2021): Regulation 5A was SUBSTITUTED in its entirety by the SEBI (SAST) (Third Amendment) Regulations, 2021 (w.e.f. 6-12-2021), replacing the one-line provision with a detailed delisting offer framework that references the Delisting Regulations, 2021 and includes a TWO-ATTEMPT STRUCTURE for combined open offer and delisting. The change reflects a shift from a bare enabling provision to a comprehensive procedural regime.",0
3,TMP_062,TMP,"The SEBI (Investment Advisers) (Second Amendment) Regulations, 2025 (w.e.f. 25-11-2025) amended Regulation 13(e) to add a new intermediate step: upon breaching the threshold, the individual IA must first immediately intimate the Administration and Supervisory Body and initiate the transition process before applying for in-principle approval. The 2020 version of Regulation 13(e) only required directly applying for in-principle registration as a non-individual investment adviser. The 3-month window for applying for in-principle approval was retained by the 2025 amendment, but an explicit intimation obligation was added as a new first step.","The 2020 version of Regulation 13(e) required the individual IA to: (i) apply for grant of in-principle registration as a non-individual investment adviser, with the in-principle registration being valid for a period of three months. It did not explicitly require immediate notification to any supervisory body. The SEBI (Investment Advisers) (Second Amendment) Regulations, 2025 (w.e.f. 25-11-2025) changed this to require the individual IA to: (i) IMMEDIATELY INTIMATE the Administration and Supervisory Body AND initiate the process of transition from individual to non-individual IA, AND (ii) apply for grant of in-principle approval for registration as non-individual IA within 3 MONTHS from the date the threshold is reached. The key procedural changes are: (a) addition of an immediate notification obligation to the Administration and Supervisory Body upon breach; (b) an explicit 3-month window for applying for in-principle approval (replacing the in-principle registration being valid for 3 months in the 2020 version); and (c) the framing shifts from obtaining an in-principle 'registration' to applying for 'approval', placing the timeline on the application step.",1
3,TMP_085,TMP,"The original exemption in Regulation 29(4) covered only scheduled commercial banks and public financial institutions acting as pledgees in ordinary business. The Third Amendment Regulations, 2018, effective December 31, 2018, expanded this to also include housing finance companies (registered with NHB, deposit-taking or with asset size of Rs 500 crore or more) and systemically important non-banking financial companies. The expansion recognised the growing role of these institutions as lenders against pledged shares.","Housing finance companies and systemically important non-banking financial companies (SIBNFCs) were added to the list of pledgees exempt from the encumbrance disclosure obligations under Regulation 29(4) by the SEBI (SAST) THIRD AMENDMENT REGULATIONS, 2018, with effect from 31-12-2018. Original exemption scope: Prior to this 2018 amendment, the proviso to Regulation 29(4) exempted only SCHEDULED COMMERCIAL BANKS and PUBLIC FINANCIAL INSTITUTIONS acting as pledgees from the disclosure requirement on encumbrance. The 2018 amendment expanded this to include housing finance companies and SIBNFCs as well.",1
3,TMP_060,TMP,"The original Regulation 22 (2013) was titled 'Segregation of execution services' and applied only to investment advisers that are banks, NBFCs, and body corporates which also provide distribution or execution services. Such entities could continue offering distribution services alongside advice provided they maintained operational segregation, ensured clients were not obligated to avail distribution services, maintained arms-length relationships, and ensured fees were paid directly to service providers. Individual investment advisers were not explicitly covered. The SEBI (Investment Advisers) (Amendment) Regulations, 2020 (w.e.f. 30-09-2020) completely substituted Regulation 22 — retitling it 'Client level segregation of advisory and distribution activities.' The 2020 version imposed a complete prohibition on individual investment advisers (and their families) from providing distribution services, and replaced the prior operational-segregation approach for non-individual entities with a stricter client-level segregation at the group level.","Original scope (2013): Regulation 22 applied specifically to BANKS, NBFCs, AND BODY CORPORATES that provided BOTH investment advisory services AND distribution or execution services. It required segregation of advisory from distribution/execution activities, while permitting the dual offering subject to three conditions: (a) client not obligated to use the adviser's distribution/execution services; (b) arm's length relationship maintained; (c) all fees paid directly by client to service providers (not routed through the investment adviser). 2020 Amendment (w.e.f. 30-09-2020): The amendment fundamentally changed coverage in two ways: (1) INDIVIDUAL investment advisers are now PROHIBITED from providing distribution services at all (a categorical ban, not a conditional permission); (2) NON-INDIVIDUAL investment advisers must maintain CLIENT-LEVEL SEGREGATION at the GROUP LEVEL — a stricter structural separation than the earlier arm's length requirement. The amendment thus narrowed the class of permitted dual-service providers and materially tightened the segregation standards.",1
3,TMP_031,TMP,"15% (until March 31, 2023) → 10% (until March 31, 2024) → 5% (until March 31, 2025) → Complete prohibition from April 1, 2025.","The open-market buy-back limit through stock exchanges was reduced in three steps before a final prohibition: Step 1: Until 31 March 2023 — maximum limit was LESS THAN 15% of paid-up capital and free reserves (standalone or consolidated, whichever is lower). Step 2: Until 31 March 2024 — maximum limit reduced to LESS THAN 10% of paid-up capital and free reserves. Step 3: Until 31 March 2025 — maximum limit further reduced to LESS THAN 5% of paid-up capital and free reserves. Final prohibition: WITH EFFECT FROM 1 APRIL 2025, buy-back from the open market through the stock exchange is NOT ALLOWED at all — a complete prohibition.",1
